round,clean_acc,clean_acc_percent,checkpoint_path,elapsed_seconds
1,0.1063,10.63,,15.851939916610718
2,0.1088,10.879999999999999,,28.73755431175232
3,0.1171,11.709999999999999,,41.44485354423523
4,0.1255,12.55,,54.12475824356079
5,0.1332,13.320000000000002,,66.7336962223053
6,0.1314,13.139999999999999,,79.42830562591553
7,0.1271,12.709999999999999,,92.1207344532013
8,0.1189,11.89,,104.87100410461426
9,0.1128,11.28,,117.60677599906921
10,0.111,11.1,,130.35370898246765
11,0.1104,11.04,,143.23316979408264
12,0.111,11.1,,156.0965268611908
13,0.1117,11.17,,168.9326913356781
14,0.1136,11.360000000000001,,181.7739861011505
15,0.1152,11.52,,194.6224455833435
16,0.1181,11.81,,207.42627906799316
17,0.1226,12.26,,220.27034759521484
18,0.1292,12.920000000000002,,233.15564632415771
19,0.1381,13.81,,246.15765857696533
20,0.1475,14.75,,258.9732983112335
21,0.1559,15.590000000000002,,271.7654495239258
22,0.1668,16.68,,284.6751844882965
23,0.18,18.0,,297.49230456352234
24,0.1909,19.09,,310.35301518440247
25,0.2012,20.119999999999997,,323.1815676689148
26,0.2125,21.25,,336.0837004184723
27,0.2209,22.09,,348.91419982910156
28,0.2282,22.82,,361.7422835826874
29,0.2364,23.64,,374.6734607219696
30,0.243,24.3,,387.51557087898254
31,0.2491,24.91,,400.4880602359772
32,0.2548,25.480000000000004,,413.470077753067
33,0.2608,26.08,,426.40622568130493
34,0.2657,26.57,,439.34401679039
35,0.2671,26.71,,452.3128550052643
36,0.2693,26.93,,465.22606110572815
37,0.2706,27.060000000000002,,478.1697452068329
38,0.2736,27.36,,491.11320424079895
39,0.2755,27.55,,504.02982807159424
40,0.2776,27.76,,516.915055513382
41,0.2795,27.950000000000003,,529.7967791557312
42,0.2806,28.060000000000002,,542.6878817081451
43,0.283,28.299999999999997,,555.571537733078
44,0.2862,28.62,,568.4282519817352
45,0.2885,28.849999999999998,,581.2873425483704
46,0.2914,29.14,,594.1953279972076
47,0.293,29.299999999999997,,607.234052658081
48,0.2956,29.56,,620.1840674877167
49,0.2975,29.75,,633.2239553928375
50,0.2989,29.89,,646.4070451259613
51,0.302,30.2,,659.4775311946869
52,0.3052,30.520000000000003,,672.4308483600616
53,0.3089,30.89,,685.5557458400726
54,0.3112,31.119999999999997,,702.7729685306549
55,0.3125,31.25,,731.7702510356903
56,0.3167,31.669999999999998,,758.2757618427277
57,0.3206,32.06,,782.9442043304443
58,0.324,32.4,,813.6964249610901
59,0.3266,32.66,,842.1622653007507
60,0.3296,32.96,,868.1221899986267
61,0.3331,33.31,,901.5998921394348
62,0.3358,33.58,,931.3772871494293
63,0.3378,33.78,,958.3054399490356
64,0.3409,34.089999999999996,,988.4683170318604
65,0.3435,34.35,,1020.6381957530975
66,0.3463,34.63,,1049.1308193206787
67,0.3497,34.97,,1079.2933251857758
68,0.3521,35.21,,1111.435966014862
69,0.3554,35.54,,1140.736445426941
70,0.3573,35.730000000000004,,1171.5754442214966
71,0.358,35.8,,1203.25163936615
72,0.3606,36.059999999999995,,1232.792636871338
73,0.3619,36.19,,1266.048199415207
74,0.364,36.4,,1299.0299427509308
75,0.3657,36.57,,1332.1695430278778
76,0.3679,36.79,,1364.6848089694977
77,0.3705,37.05,,1391.6840443611145
78,0.3728,37.28,,1418.794230222702
79,0.3759,37.59,,1449.9740779399872
80,0.378,37.8,,1479.4864814281464
81,0.3805,38.05,,1504.002385854721
82,0.3825,38.25,,1533.1259336471558
83,0.384,38.4,,1561.5830121040344
84,0.3843,38.43,,1586.7544350624084
85,0.3861,38.61,,1615.7468733787537
86,0.3873,38.73,,1643.2633237838745
87,0.3881,38.81,,1669.4077124595642
88,0.3892,38.92,,1697.0980083942413
89,0.391,39.1,,1725.4736156463623
90,0.3913,39.129999999999995,,1754.648586511612
91,0.3947,39.47,,1781.19589138031
92,0.3967,39.67,,1805.2768771648407
93,0.3983,39.83,,1834.8198928833008
94,0.4008,40.08,,1863.830599308014
95,0.4042,40.42,,1890.1913046836853
96,0.4055,40.550000000000004,,1917.2350964546204
97,0.4075,40.75,,1946.2604093551636
98,0.4094,40.94,,1972.8124632835388
99,0.411,41.099999999999994,,2002.9868087768555
100,0.4119,41.19,/home/kemove/zlf/FedSGD2/results/table_iv_ours_main1_aligned_seed0_r1000_fromscratch/checkpoints/round_0100.pth,2030.760581254959
101,0.4132,41.32,,2059.527138233185
102,0.4151,41.510000000000005,,2088.0327820777893
103,0.4174,41.74,,2110.4494886398315
104,0.4196,41.959999999999994,,2136.5906903743744
105,0.4213,42.13,,2150.1307854652405
106,0.4233,42.33,,2163.2942011356354
107,0.4245,42.449999999999996,,2176.4790341854095
108,0.4251,42.51,,2189.6244661808014
109,0.4274,42.74,,2202.7537693977356
110,0.4295,42.95,,2215.850696325302
111,0.4309,43.09,,2229.0169146060944
112,0.4318,43.18,,2241.9832060337067
113,0.4335,43.35,,2255.1477479934692
114,0.4363,43.63,,2268.1916646957397
115,0.4383,43.830000000000005,,2281.2211062908173
116,0.4395,43.95,,2294.579310655594
117,0.441,44.1,,2307.9134483337402
118,0.443,44.3,,2321.116480112076
119,0.4448,44.48,,2334.4012701511383
120,0.4468,44.68,,2347.6637279987335
121,0.4469,44.690000000000005,,2361.010023355484
122,0.4485,44.85,,2374.1863968372345
123,0.4508,45.08,,2387.4395866394043
124,0.4535,45.35,,2400.697201013565
125,0.4551,45.51,,2414.1000261306763
126,0.4578,45.78,,2428.8303973674774
127,0.4592,45.92,,2443.2694430351257
128,0.4601,46.01,,2456.5679190158844
129,0.4616,46.160000000000004,,2469.94753742218
130,0.4632,46.32,,2483.210838317871
131,0.4649,46.489999999999995,,2496.6378502845764
132,0.4663,46.63,,2509.894420146942
133,0.467,46.7,,2523.2624785900116
134,0.4685,46.85,,2536.622955560684
135,0.4701,47.010000000000005,,2550.0320086479187
136,0.4715,47.15,,2563.017792701721
137,0.4735,47.349999999999994,,2576.0429842472076
138,0.4741,47.410000000000004,,2588.992391347885
139,0.4761,47.61,,2601.945456266403
140,0.4762,47.620000000000005,,2614.83030462265
141,0.4781,47.81,,2627.7658445835114
142,0.479,47.9,,2640.815945148468
143,0.4801,48.010000000000005,,2653.756413459778
144,0.4822,48.22,,2666.831409215927
145,0.4839,48.39,,2680.084444999695
146,0.4843,48.43,,2693.319500684738
147,0.4858,48.58,,2706.5313317775726
148,0.486,48.6,,2719.8090255260468
149,0.4879,48.79,,2733.101271867752
150,0.4893,48.93,,2746.1550059318542
151,0.4905,49.05,,2759.3630685806274
152,0.4909,49.09,,2772.540278673172
153,0.4927,49.27,,2785.5119931697845
154,0.4941,49.41,,2798.628468990326
155,0.4963,49.63,,2811.6851241588593
156,0.4971,49.71,,2824.8107380867004
157,0.4993,49.93,,2838.117477416992
158,0.4985,49.85,,2851.183301925659
159,0.4998,49.980000000000004,,2864.239389896393
160,0.5006,50.06,,2877.4356756210327
161,0.5016,50.160000000000004,,2890.602593898773
162,0.5022,50.22,,2903.60923576355
163,0.5036,50.36000000000001,,2916.7695224285126
164,0.5044,50.44,,2929.861771583557
165,0.5058,50.580000000000005,,2943.110298871994
166,0.5066,50.660000000000004,,2956.2629311084747
167,0.5083,50.83,,2969.3341505527496
168,0.5079,50.79,,2982.431430578232
169,0.511,51.1,,2995.578060865402
170,0.5113,51.129999999999995,,3008.8799080848694
171,0.5114,51.13999999999999,,3022.020220041275
172,0.5131,51.31,,3035.1506147384644
173,0.5138,51.38,,3048.37011384964
174,0.5142,51.42,,3061.347191810608
175,0.5145,51.449999999999996,,3074.275223016739
176,0.5167,51.67,,3087.2713627815247
177,0.5164,51.64,,3100.2124099731445
178,0.5175,51.74999999999999,,3113.169647216797
179,0.5176,51.76,,3126.1356649398804
180,0.5189,51.89,,3139.048413515091
181,0.5189,51.89,,3152.0633804798126
182,0.5182,51.82,,3165.0333998203278
183,0.5203,52.03,,3177.9541397094727
184,0.5215,52.15,,3190.857218980789
185,0.52,52.0,,3203.7561066150665
186,0.5214,52.14,,3216.738991498947
187,0.5234,52.339999999999996,,3229.7035529613495
188,0.5231,52.31,,3242.657449245453
189,0.5235,52.349999999999994,,3255.8560960292816
190,0.5247,52.470000000000006,,3269.0065608024597
191,0.5257,52.56999999999999,,3282.2471075057983
192,0.5249,52.49,,3295.3191347122192
193,0.5255,52.55,,3308.3823614120483
194,0.5273,52.73,,3321.5933895111084
195,0.5274,52.739999999999995,,3334.6947152614594
196,0.5274,52.739999999999995,,3347.6298484802246
197,0.527,52.7,,3360.6157059669495
198,0.5294,52.94,,3373.6626398563385
199,0.5296,52.959999999999994,,3386.8709087371826
200,0.5299,52.99,/home/kemove/zlf/FedSGD2/results/table_iv_ours_main1_aligned_seed0_r1000_fromscratch/checkpoints/round_0200.pth,3399.905633687973
201,0.5316,53.16,,3412.9299755096436
202,0.5301,53.010000000000005,,3425.9611988067627
203,0.5322,53.22,,3438.999214887619
204,0.5319,53.190000000000005,,3451.9480991363525
205,0.5322,53.22,,3464.901282787323
206,0.532,53.2,,3477.9188549518585
207,0.5326,53.26,,3491.0071280002594
208,0.5357,53.56999999999999,,3504.1532793045044
209,0.5353,53.53,,3517.1463639736176
210,0.5328,53.28000000000001,,3530.064917564392
211,0.5346,53.459999999999994,,3543.0090634822845
212,0.5367,53.669999999999995,,3555.9172236919403
213,0.5364,53.64,,3568.8870317935944
214,0.5368,53.68000000000001,,3581.837537050247
215,0.5367,53.669999999999995,,3594.807768344879
216,0.5387,53.87,,3607.7515819072723
217,0.5392,53.92,,3620.743980884552
218,0.539,53.900000000000006,,3633.7627816200256
219,0.5403,54.03,,3646.827233314514
220,0.5397,53.97,,3659.7571337223053
221,0.5409,54.09,,3672.70982170105
222,0.5421,54.21,,3685.6511499881744
223,0.5407,54.06999999999999,,3698.6052770614624
224,0.5431,54.31,,3711.531727075577
225,0.5433,54.33,,3724.478652715683
226,0.5437,54.37,,3737.456606388092
227,0.5452,54.52,,3750.3756291866302
228,0.5426,54.26,,3763.3788979053497
229,0.5465,54.65,,3776.300904273987
230,0.5462,54.620000000000005,,3789.313109397888
231,0.5463,54.63,,3802.2090895175934
232,0.548,54.800000000000004,,3815.2017817497253
233,0.5459,54.59,,3828.1951904296875
234,0.5503,55.03,,3841.1220853328705
235,0.5495,54.949999999999996,,3854.0666551589966
236,0.5497,54.97,,3866.979968070984
237,0.5513,55.13,,3879.875082015991
238,0.55,55.00000000000001,,3892.8110461235046
239,0.5516,55.16,,3905.7918417453766
240,0.5508,55.08,,3918.7330605983734
241,0.5537,55.37,,3931.766088247299
242,0.5555,55.55,,3944.7529711723328
243,0.5532,55.32,,3957.8038895130157
244,0.5545,55.45,,3970.7689220905304
245,0.5543,55.43,,3983.688865661621
246,0.5556,55.559999999999995,,3996.690191745758
247,0.5574,55.74,,4009.6757736206055
248,0.556,55.60000000000001,,4022.6146986484528
249,0.5571,55.71,,4035.652312040329
250,0.5566,55.66,,4048.575912475586
251,0.5583,55.83,,4062.3212575912476
252,0.5584,55.84,,4076.7501378059387
253,0.5599,55.989999999999995,,4091.10063624382
254,0.5601,56.010000000000005,,4105.575363874435
255,0.5616,56.16,,4118.60159444809
256,0.5604,56.04,,4131.608802080154
257,0.5605,56.05,,4144.593050956726
258,0.5631,56.31,,4157.644117355347
259,0.5621,56.21000000000001,,4170.706442117691
260,0.5638,56.379999999999995,,4183.646333217621
261,0.564,56.39999999999999,,4196.627894639969
262,0.5635,56.35,,4209.578353881836
263,0.5644,56.44,,4222.581835746765
264,0.5639,56.38999999999999,,4235.505582332611
265,0.5657,56.57,,4248.4476573467255
266,0.5633,56.330000000000005,,4261.375444412231
267,0.5662,56.620000000000005,,4274.303958654404
268,0.566,56.599999999999994,,4287.238558292389
269,0.5687,56.87,,4300.125294446945
270,0.5687,56.87,,4313.058346271515
271,0.5698,56.98,,4326.014722824097
272,0.5703,57.03,,4338.952634096146
273,0.5641,56.410000000000004,,4351.916010141373
274,0.5636,56.36,,4364.903394937515
275,0.5615,56.15,,4377.841848611832
276,0.5606,56.06,,4390.8312475681305
277,0.5635,56.35,,4403.745016336441
278,0.5725,57.25,,4416.648958206177
279,0.5703,57.03,,4429.523037195206
280,0.5617,56.169999999999995,,4442.470559358597
281,0.57,56.99999999999999,,4455.403126239777
282,0.5721,57.21000000000001,,4468.387310504913
283,0.5673,56.730000000000004,,4481.316672325134
284,0.5657,56.57,,4494.26148557663
285,0.5668,56.68,,4507.148630142212
286,0.5735,57.35,,4520.013713359833
287,0.575,57.49999999999999,,4532.9239909648895
288,0.5702,57.02,,4545.900316476822
289,0.5747,57.47,,4558.902869939804
290,0.5745,57.45,,4571.900424480438
291,0.5757,57.57,,4584.789160251617
292,0.5752,57.52,,4597.742322444916
293,0.5726,57.26,,4610.7270154953
294,0.5762,57.620000000000005,,4623.680829048157
295,0.5736,57.36,,4636.652523517609
296,0.5746,57.46,,4649.620748758316
297,0.5779,57.79,,4662.641249418259
298,0.5756,57.56,,4675.62051486969
299,0.5829,58.29,,4688.571241617203
300,0.5772,57.720000000000006,/home/kemove/zlf/FedSGD2/results/table_iv_ours_main1_aligned_seed0_r1000_fromscratch/checkpoints/round_0300.pth,4701.481783151627
301,0.5764,57.64,,4714.393369674683
302,0.5785,57.85,,4727.279055595398
303,0.5794,57.940000000000005,,4740.272898197174
304,0.5846,58.46,,4753.216058015823
305,0.5777,57.769999999999996,,4766.068835735321
306,0.5751,57.50999999999999,,4779.00194644928
307,0.5775,57.75,,4791.88573384285
308,0.5857,58.57,,4804.8163158893585
309,0.5853,58.53,,4817.711704969406
310,0.5802,58.02,,4830.5918135643005
311,0.5775,57.75,,4843.501283407211
312,0.5806,58.06,,4856.449828624725
313,0.5877,58.77,,4869.333933353424
314,0.5838,58.379999999999995,,4883.6371829509735
315,0.5804,58.040000000000006,,4904.301602602005
316,0.5791,57.91,,4931.3674223423
317,0.5848,58.48,,4958.242884397507
318,0.5883,58.830000000000005,,4983.366543054581
319,0.5788,57.879999999999995,,5011.85968875885
320,0.5802,58.02,,5039.248369932175
321,0.5851,58.51,,5065.34064745903
322,0.5817,58.17,,5097.260548114777
323,0.5855,58.550000000000004,,5129.2195520401
324,0.5795,57.95,,5158.6483318805695
325,0.5896,58.96,,5185.466265678406
326,0.5927,59.27,,5212.559559345245
327,0.5803,58.03,,5241.127654075623
328,0.5869,58.69,,5268.789889097214
329,0.5941,59.41,,5291.26069521904
330,0.5826,58.26,,5317.050471544266
331,0.5863,58.63,,5331.870229721069
332,0.5873,58.730000000000004,,5344.808913230896
333,0.5906,59.06,,5357.748722791672
334,0.5926,59.260000000000005,,5370.663932561874
335,0.5824,58.24,,5383.607727050781
336,0.5952,59.519999999999996,,5396.557783842087
337,0.5922,59.21999999999999,,5409.506489515305
338,0.5868,58.68,,5422.468737602234
339,0.5982,59.81999999999999,,5435.505803823471
340,0.5973,59.730000000000004,,5448.56649017334
341,0.5891,58.91,,5461.484122514725
342,0.5937,59.37,,5474.404912233353
343,0.5955,59.550000000000004,,5487.303555250168
344,0.5925,59.25,,5500.182008743286
345,0.5974,59.74,,5513.067120075226
346,0.5957,59.57,,5526.011795282364
347,0.596,59.599999999999994,,5538.921836853027
348,0.6002,60.019999999999996,,5551.857924461365
349,0.5924,59.24,,5564.790546178818
350,0.6019,60.19,,5577.759976387024
351,0.5983,59.830000000000005,,5590.737014770508
352,0.6019,60.19,,5603.543880701065
353,0.6026,60.260000000000005,,5616.441640138626
354,0.5977,59.77,,5629.34739279747
355,0.6038,60.38,,5642.230321884155
356,0.6029,60.29,,5655.1334846019745
357,0.601,60.099999999999994,,5668.0469081401825
358,0.6018,60.18,,5680.928283452988
359,0.604,60.4,,5693.913127660751
360,0.6033,60.33,,5706.763156890869
361,0.6009,60.089999999999996,,5719.693102836609
362,0.6037,60.370000000000005,,5732.587195634842
363,0.6001,60.01,,5745.503067970276
364,0.5922,59.21999999999999,,5758.366039514542
365,0.596,59.599999999999994,,5771.26912522316
366,0.596,59.599999999999994,,5784.177271366119
367,0.6049,60.49,,5797.066725254059
368,0.6043,60.42999999999999,,5810.004184007645
369,0.592,59.199999999999996,,5822.9017198085785
370,0.6007,60.07,,5835.813982486725
371,0.6052,60.519999999999996,,5848.768825769424
372,0.6035,60.35,,5861.782091140747
373,0.6047,60.47,,5874.733837127686
374,0.5962,59.62,,5887.713767528534
375,0.599,59.9,,5900.626073360443
376,0.5984,59.84,,5913.492661714554
377,0.5957,59.57,,5926.385706663132
378,0.6068,60.68,,5939.255209445953
379,0.6111,61.11,,5952.166688203812
380,0.6022,60.22,,5965.050585031509
381,0.6064,60.64000000000001,,5977.950796842575
382,0.6032,60.31999999999999,,5990.834837436676
383,0.5999,59.99,,6003.739030838013
384,0.6006,60.06,,6016.686224937439
385,0.6126,61.260000000000005,,6029.5502853393555
386,0.6104,61.040000000000006,,6042.429957866669
387,0.608,60.8,,6055.395995378494
388,0.6122,61.22,,6068.328911781311
389,0.6085,60.85,,6081.252560138702
390,0.6038,60.38,,6094.221744060516
391,0.6074,60.74,,6107.197497367859
392,0.6036,60.36,,6120.17422246933
393,0.6094,60.940000000000005,,6133.148879766464
394,0.6148,61.480000000000004,,6146.06241106987
395,0.611,61.1,,6159.013239145279
396,0.608,60.8,,6171.994596004486
397,0.6135,61.35,,6184.908322095871
398,0.6069,60.69,,6197.846796751022
399,0.6081,60.809999999999995,,6210.790699481964
400,0.6146,61.46,/home/kemove/zlf/FedSGD2/results/table_iv_ours_main1_aligned_seed0_r1000_fromscratch/checkpoints/round_0400.pth,6223.841888666153
401,0.6126,61.260000000000005,,6236.837049484253
402,0.6133,61.33,,6249.8379447460175
403,0.6142,61.419999999999995,,6262.815119504929
404,0.6109,61.09,,6275.907114267349
405,0.6045,60.45,,6288.890013217926
406,0.612,61.199999999999996,,6301.843771696091
407,0.6095,60.95,,6314.790952920914
408,0.611,61.1,,6327.751852989197
409,0.6213,62.129999999999995,,6343.198377370834
410,0.6146,61.46,,6368.207712888718
411,0.611,61.1,,6393.9137570858
412,0.6141,61.41,,6421.388624191284
413,0.6122,61.22,,6447.981316804886
414,0.6182,61.82,,6474.170241832733
415,0.6198,61.980000000000004,,6501.958202123642
416,0.6169,61.69,,6532.13002371788
417,0.6138,61.38,,6560.983689785004
418,0.6178,61.78,,6585.066726922989
419,0.6081,60.809999999999995,,6612.352468967438
420,0.6193,61.92999999999999,,6640.164175033569
421,0.6127,61.27,,6666.261351585388
422,0.617,61.7,,6694.0226492881775
423,0.6228,62.28,,6721.125739812851
424,0.6123,61.23,,6747.58380317688
425,0.6178,61.78,,6773.195717096329
426,0.6131,61.309999999999995,,6801.519195795059
427,0.612,61.199999999999996,,6827.844269275665
428,0.6111,61.11,,6856.172069549561
429,0.6229,62.29,,6882.766180038452
430,0.6051,60.51,,6911.540987730026
431,0.6108,61.08,,6938.639500617981
432,0.6094,60.940000000000005,,6963.78781247139
433,0.5939,59.39,,6991.108837366104
434,0.613,61.3,,7019.088653564453
435,0.6221,62.21,,7045.217611789703
436,0.6025,60.25,,7070.189763069153
437,0.6194,61.94,,7099.596993684769
438,0.6151,61.51,,7121.151723146439
439,0.5888,58.879999999999995,,7143.996542215347
440,0.6098,60.980000000000004,,7157.043737888336
441,0.5966,59.660000000000004,,7170.001667261124
442,0.6072,60.72,,7182.912642478943
443,0.6125,61.25000000000001,,7195.91641664505
444,0.6037,60.370000000000005,,7208.909730434418
445,0.6122,61.22,,7221.9084050655365
446,0.6117,61.17,,7234.901836872101
447,0.601,60.099999999999994,,7247.972742319107
448,0.6084,60.84,,7260.961336612701
449,0.5839,58.39,,7274.026678800583
450,0.616,61.6,,7286.936460494995
451,0.6057,60.57,,7299.998827934265
452,0.6115,61.150000000000006,,7312.94011926651
453,0.605,60.5,,7325.835615873337
454,0.6048,60.480000000000004,,7338.774033069611
455,0.6057,60.57,,7351.678360939026
456,0.5989,59.89,,7364.667437791824
457,0.6122,61.22,,7377.564689874649
458,0.6135,61.35,,7390.526029586792
459,0.5985,59.85,,7403.38521528244
460,0.6161,61.61,,7416.374732732773
461,0.6103,61.029999999999994,,7429.288764715195
462,0.6237,62.370000000000005,,7442.349589586258
463,0.6178,61.78,,7455.208724737167
464,0.6151,61.51,,7468.115041971207
465,0.6171,61.71,,7481.109792232513
466,0.6233,62.33,,7493.989873409271
467,0.6245,62.45,,7506.932029008865
468,0.6238,62.38,,7519.842993974686
469,0.6163,61.629999999999995,,7532.777700424194
470,0.6319,63.190000000000005,,7545.722697496414
471,0.6252,62.519999999999996,,7558.728183031082
472,0.6277,62.77,,7571.730266571045
473,0.6224,62.239999999999995,,7584.648374795914
474,0.6226,62.260000000000005,,7597.615411758423
475,0.6275,62.74999999999999,,7610.541991472244
476,0.6254,62.53999999999999,,7623.4248015880585
477,0.629,62.9,,7636.336964845657
478,0.6312,63.12,,7649.266327142715
479,0.6218,62.18,,7662.232033491135
480,0.6261,62.61,,7675.137365818024
481,0.6304,63.04,,7687.989406108856
482,0.6314,63.13999999999999,,7700.904123783112
483,0.6247,62.470000000000006,,7713.798914432526
484,0.6266,62.660000000000004,,7726.712424993515
485,0.6389,63.89,,7739.61985039711
486,0.6338,63.38,,7752.5981159210205
487,0.6268,62.68,,7765.5125114917755
488,0.6286,62.86000000000001,,7778.397312879562
489,0.6364,63.63999999999999,,7791.256704568863
490,0.6328,63.28,,7804.210285902023
491,0.6319,63.190000000000005,,7817.142066717148
492,0.6319,63.190000000000005,,7830.081315755844
493,0.6322,63.22,,7843.004016637802
494,0.6328,63.28,,7855.882782936096
495,0.6378,63.78,,7868.813111305237
496,0.6339,63.39,,7881.706262588501
497,0.6369,63.690000000000005,,7894.628590106964
498,0.6391,63.91,,7907.674550771713
499,0.6317,63.17,,7920.612844944
500,0.6369,63.690000000000005,/home/kemove/zlf/FedSGD2/results/table_iv_ours_main1_aligned_seed0_r1000_fromscratch/checkpoints/round_0500.pth,7933.553643465042
501,0.634,63.4,,7946.541417121887
502,0.6401,64.01,,7959.452429533005
503,0.6354,63.54,,7972.386173009872
504,0.6372,63.72,,7985.3222007751465
505,0.6395,63.949999999999996,,7998.295928478241
506,0.6381,63.81,,8011.229816913605
507,0.6401,64.01,,8024.135089874268
508,0.6356,63.56,,8037.100351810455
509,0.6362,63.62,,8050.091930150986
510,0.6245,62.45,,8063.011522054672
511,0.6313,63.129999999999995,,8075.900038480759
512,0.6266,62.660000000000004,,8088.8775289058685
513,0.6434,64.34,,8101.8116319179535
514,0.6311,63.11,,8114.74955868721
515,0.6302,63.019999999999996,,8127.677324056625
516,0.6341,63.41,,8140.667835474014
517,0.619,61.9,,8153.624879360199
518,0.6259,62.59,,8166.572441101074
519,0.6198,61.980000000000004,,8179.5471534729
520,0.6229,62.29,,8192.503011226654
521,0.6309,63.09,,8205.46240901947
522,0.622,62.2,,8218.48063826561
523,0.6208,62.08,,8231.452065706253
524,0.634,63.4,,8244.390195131302
525,0.6353,63.53,,8257.347285032272
526,0.6366,63.660000000000004,,8270.253683567047
527,0.613,61.3,,8283.289211511612
528,0.6192,61.919999999999995,,8296.236669778824
529,0.6238,62.38,,8309.287136554718
530,0.6177,61.77,,8322.19571185112
531,0.6406,64.05999999999999,,8335.119683027267
532,0.6123,61.23,,8348.19254899025
533,0.6414,64.14,,8361.130646944046
534,0.6286,62.86000000000001,,8374.056414604187
535,0.6377,63.77,,8387.039488077164
536,0.6353,63.53,,8400.017384767532
537,0.6298,62.980000000000004,,8412.949223041534
538,0.6312,63.12,,8425.81964635849
539,0.641,64.1,,8438.74722146988
540,0.6376,63.75999999999999,,8451.65997338295
541,0.6293,62.93,,8464.589090108871
542,0.6278,62.78,,8477.481755971909
543,0.6412,64.12,,8490.370387077332
544,0.6429,64.29,,8503.255053281784
545,0.6309,63.09,,8516.237498521805
546,0.6371,63.71,,8529.176481246948
547,0.638,63.800000000000004,,8542.085564613342
548,0.64,64.0,,8555.105691671371
549,0.6351,63.51,,8568.011802196503
550,0.6427,64.27000000000001,,8581.051453590393
551,0.6377,63.77,,8594.012567043304
552,0.6436,64.36,,8606.984990358353
553,0.6428,64.28,,8619.90760397911
554,0.6416,64.16,,8632.811086416245
555,0.646,64.60000000000001,,8645.730430841446
556,0.6371,63.71,,8658.669829845428
557,0.6381,63.81,,8671.611931562424
558,0.6399,63.99,,8684.54301071167
559,0.6404,64.03999999999999,,8697.445428609848
560,0.6381,63.81,,8710.406000852585
561,0.6423,64.23,,8723.329346179962
562,0.6334,63.339999999999996,,8736.238223314285
563,0.6392,63.92,,8749.151950597763
564,0.6291,62.91,,8762.042465209961
565,0.6389,63.89,,8774.950778484344
566,0.645,64.5,,8787.837560653687
567,0.6267,62.67,,8800.746309995651
568,0.6084,60.84,,8813.640020608902
569,0.5914,59.14,,8826.500370502472
570,0.6238,62.38,,8839.388638973236
571,0.6112,61.12,,8852.405869483948
572,0.6261,62.61,,8865.358530759811
573,0.6118,61.18,,8878.284447908401
574,0.6313,63.129999999999995,,8891.304898023605
575,0.5922,59.21999999999999,,8904.18998336792
576,0.6077,60.77,,8917.093669891357
577,0.5781,57.809999999999995,,8929.97125673294
578,0.6217,62.17,,8942.929408550262
579,0.5804,58.040000000000006,,8957.880556344986
580,0.6117,61.17,,8983.751351356506
581,0.5906,59.06,,9012.30621933937
582,0.6149,61.49,,9036.392069101334
583,0.5982,59.81999999999999,,9064.256692409515
584,0.6096,60.96,,9092.368453741074
585,0.6153,61.529999999999994,,9117.417987823486
586,0.6133,61.33,,9145.54880452156
587,0.6302,63.019999999999996,,9173.109314203262
588,0.63,63.0,,9199.870505332947
589,0.6179,61.79,,9225.473590135574
590,0.6377,63.77,,9252.94966673851
591,0.6325,63.24999999999999,,9280.041927099228
592,0.6322,63.22,,9308.0668156147
593,0.6339,63.39,,9336.062091112137
594,0.6376,63.75999999999999,,9363.943489551544
595,0.6426,64.25999999999999,,9391.54441022873
596,0.6375,63.74999999999999,,9415.743711948395
597,0.6391,63.91,,9444.549789905548
598,0.6424,64.24,,9472.218927383423
599,0.6395,63.949999999999996,,9498.571948051453
600,0.6482,64.82,/home/kemove/zlf/FedSGD2/results/table_iv_ours_main1_aligned_seed0_r1000_fromscratch/checkpoints/round_0600.pth,9529.289964675903
601,0.6462,64.62,,9557.125536203384
602,0.6407,64.07000000000001,,9584.43905043602
603,0.6481,64.81,,9613.86088681221
604,0.6515,65.14999999999999,,9641.660766124725
605,0.6464,64.64,,9670.480137109756
606,0.65,65.0,,9698.503507852554
607,0.6503,65.03,,9720.768112897873
608,0.649,64.9,,9745.746012687683
609,0.6513,65.13,,9759.92883014679
610,0.6519,65.19,,9772.957981348038
611,0.649,64.9,,9785.89235496521
612,0.6551,65.51,,9798.805528402328
613,0.6517,65.16999999999999,,9811.722279310226
614,0.6498,64.98,,9824.734094142914
615,0.6523,65.23,,9837.662856340408
616,0.6525,65.25,,9850.62407374382
617,0.6548,65.48,,9863.508522748947
618,0.6538,65.38000000000001,,9876.455997943878
619,0.6519,65.19,,9889.367016077042
620,0.6522,65.22,,9902.302684783936
621,0.6556,65.56,,9915.185084342957
622,0.6532,65.32,,9928.170875787735
623,0.6534,65.34,,9941.135807991028
624,0.6518,65.18,,9954.118305206299
625,0.6554,65.53999999999999,,9967.036568641663
626,0.6562,65.62,,9980.017545700073
627,0.6493,64.92999999999999,,9992.910810232162
628,0.6565,65.64999999999999,,10005.785956859589
629,0.6509,65.09,,10018.78139948845
630,0.6557,65.57,,10031.832457065582
631,0.6576,65.75999999999999,,10044.811381578445
632,0.6564,65.64,,10057.746301174164
633,0.6586,65.86,,10070.763074874878
634,0.6533,65.33,,10083.779267787933
635,0.6579,65.79,,10096.855377435684
636,0.6555,65.55,,10109.81878042221
637,0.6573,65.73,,10122.74599313736
638,0.6511,65.11,,10135.625535011292
639,0.6554,65.53999999999999,,10148.55867433548
640,0.6496,64.96,,10161.51808834076
641,0.6452,64.52,,10174.48861527443
642,0.6465,64.64999999999999,,10187.405622243881
643,0.659,65.9,,10200.312573194504
644,0.6587,65.86999999999999,,10213.265238523483
645,0.6535,65.35,,10226.171922445297
646,0.6491,64.91,,10239.07563662529
647,0.6427,64.27000000000001,,10251.956050395966
648,0.6456,64.56,,10264.906004190445
649,0.6343,63.43,,10277.863313674927
650,0.6465,64.64999999999999,,10290.748133897781
651,0.6402,64.02,,10303.673302173615
652,0.638,63.800000000000004,,10316.74551320076
653,0.6432,64.32,,10329.652452230453
654,0.6539,65.39,,10342.552446365356
655,0.6484,64.84,,10355.483590602875
656,0.6367,63.67,,10368.415627241135
657,0.6499,64.99000000000001,,10381.337623119354
658,0.6537,65.36999999999999,,10394.306310892105
659,0.6378,63.78,,10407.230088233948
660,0.6456,64.56,,10420.138453483582
661,0.6482,64.82,,10433.03814291954
662,0.654,65.4,,10445.98757648468
663,0.6413,64.13,,10458.878086566925
664,0.6482,64.82,,10471.721819877625
665,0.6515,65.14999999999999,,10484.727576971054
666,0.6501,65.01,,10497.743596315384
667,0.6502,65.02,,10510.794079303741
668,0.6373,63.73,,10531.416770935059
669,0.6468,64.68,,10544.413273096085
670,0.6396,63.959999999999994,,10557.209545850754
671,0.6487,64.87,,10570.009842395782
672,0.6559,65.59,,10582.837301015854
673,0.6452,64.52,,10595.662373542786
674,0.6586,65.86,,10608.554384231567
675,0.6542,65.42,,10621.455698490143
676,0.6548,65.48,,10634.420690536499
677,0.6504,65.03999999999999,,10647.272386789322
678,0.651,65.10000000000001,,10660.13922715187
679,0.6452,64.52,,10673.07379078865
680,0.6546,65.46,,10685.985186815262
681,0.6471,64.71000000000001,,10698.849828720093
682,0.6534,65.34,,10711.741676092148
683,0.642,64.2,,10724.600979089737
684,0.6382,63.82,,10737.482594966888
685,0.6443,64.42999999999999,,10750.407573223114
686,0.6465,64.64999999999999,,10763.298021316528
687,0.6365,63.65,,10776.240107059479
688,0.6381,63.81,,10789.106490850449
689,0.6458,64.58,,10802.026129961014
690,0.6419,64.19,,10814.912349939346
691,0.6288,62.88,,10827.77304649353
692,0.6368,63.68000000000001,,10840.75104522705
693,0.6322,63.22,,10853.612087249756
694,0.6354,63.54,,10866.513820171356
695,0.643,64.3,,10879.411896944046
696,0.6365,63.65,,10892.275655031204
697,0.6442,64.42,,10905.202756404877
698,0.6528,65.28,,10918.078496932983
699,0.6354,63.54,,10930.94069314003
700,0.6389,63.89,/home/kemove/zlf/FedSGD2/results/table_iv_ours_main1_aligned_seed0_r1000_fromscratch/checkpoints/round_0700.pth,10943.83374428749
701,0.642,64.2,,10956.711016654968
702,0.6457,64.57000000000001,,10969.594254493713
703,0.6385,63.849999999999994,,10982.470727920532
704,0.6332,63.32,,10995.309594631195
705,0.6334,63.339999999999996,,11008.203965187073
706,0.6522,65.22,,11021.016343355179
707,0.6197,61.970000000000006,,11033.884721517563
708,0.6467,64.67,,11046.75116109848
709,0.6514,65.14,,11059.655039310455
710,0.6461,64.61,,11072.588000535965
711,0.6542,65.42,,11085.488943099976
712,0.6438,64.38000000000001,,11098.336854934692
713,0.6457,64.57000000000001,,11111.2755484581
714,0.6402,64.02,,11124.213962554932
715,0.6471,64.71000000000001,,11137.102155447006
716,0.6465,64.64999999999999,,11149.944014072418
717,0.6566,65.66,,11162.866849660873
718,0.6497,64.97,,11175.767488479614
719,0.648,64.8,,11188.723242521286
720,0.656,65.60000000000001,,11201.572399377823
721,0.6573,65.73,,11214.467544078827
722,0.6561,65.61,,11227.344145059586
723,0.6527,65.27,,11240.237747430801
724,0.6576,65.75999999999999,,11253.072348833084
725,0.6551,65.51,,11266.003710508347
726,0.6628,66.28,,11278.928523778915
727,0.6568,65.68,,11291.839482784271
728,0.6582,65.82000000000001,,11304.747812986374
729,0.6582,65.82000000000001,,11317.64553809166
730,0.6576,65.75999999999999,,11330.535968065262
731,0.6613,66.13,,11343.480890274048
732,0.6594,65.94,,11356.345661878586
733,0.6595,65.95,,11369.246877670288
734,0.6653,66.53,,11382.106410503387
735,0.6631,66.31,,11395.034921646118
736,0.6609,66.09,,11408.019644498825
737,0.6604,66.03999999999999,,11420.99459862709
738,0.6648,66.47999999999999,,11433.881068944931
739,0.6631,66.31,,11446.767164230347
740,0.6653,66.53,,11459.665463924408
741,0.6646,66.46,,11472.516992330551
742,0.6628,66.28,,11485.478465080261
743,0.6665,66.64999999999999,,11498.357217788696
744,0.6631,66.31,,11511.249071359634
745,0.6652,66.52,,11524.151572942734
746,0.6662,66.62,,11537.095434904099
747,0.6637,66.36999999999999,,11549.971244096756
748,0.6647,66.47,,11562.86904001236
749,0.6634,66.34,,11575.825706005096
750,0.6627,66.27,,11588.796130895615
751,0.655,65.5,,11601.66812300682
752,0.66,66.0,,11614.583717107773
753,0.6599,65.99000000000001,,11627.439006328583
754,0.6598,65.98,,11640.275331020355
755,0.6648,66.47999999999999,,11653.238656759262
756,0.6573,65.73,,11666.072085142136
757,0.6593,65.93,,11678.86925125122
758,0.6511,65.11,,11691.775388479233
759,0.6563,65.63,,11704.722081899643
760,0.6658,66.58,,11717.549894332886
761,0.6556,65.56,,11730.386085748672
762,0.6577,65.77,,11743.451738834381
763,0.6511,65.11,,11756.937563419342
764,0.6595,65.95,,11770.624770879745
765,0.655,65.5,,11784.138377189636
766,0.632,63.2,,11797.093792915344
767,0.6296,62.96000000000001,,11809.80056643486
768,0.639,63.9,,11822.4870865345
769,0.5769,57.69,,11835.279962539673
770,0.5855,58.550000000000004,,11848.048696994781
771,0.5657,56.57,,11860.885938882828
772,0.572,57.199999999999996,,11873.731945753098
773,0.555,55.50000000000001,,11886.568547725677
774,0.5998,59.98,,11899.473233222961
775,0.6043,60.42999999999999,,11912.479848861694
776,0.5785,57.85,,11925.473604679108
777,0.593,59.3,,11938.47403383255
778,0.5835,58.35,,11951.39631485939
779,0.6216,62.160000000000004,,11964.319931030273
780,0.6029,60.29,,11977.283271074295
781,0.631,63.1,,11990.227885961533
782,0.6201,62.01,,12003.153836488724
783,0.6284,62.839999999999996,,12016.089580535889
784,0.6271,62.71,,12029.045492649078
785,0.6293,62.93,,12041.977515935898
786,0.6359,63.59,,12054.911862134933
787,0.639,63.9,,12067.890278339386
788,0.6383,63.83,,12080.78146314621
789,0.645,64.5,,12093.668197631836
790,0.6492,64.92,,12106.566640377045
791,0.6521,65.21000000000001,,12119.56072807312
792,0.6487,64.87,,12132.55929851532
793,0.6539,65.39,,12145.981068849564
794,0.6547,65.47,,12160.582002162933
795,0.6508,65.08,,12175.215079545975
796,0.6585,65.85,,12189.685606718063
797,0.6532,65.32,,12204.332337856293
798,0.6614,66.14,,12218.586851358414
799,0.6574,65.74,,12231.56297826767
800,0.6557,65.57,/home/kemove/zlf/FedSGD2/results/table_iv_ours_main1_aligned_seed0_r1000_fromscratch/checkpoints/round_0800.pth,12247.313066720963
801,0.6655,66.55,,12260.163746118546
802,0.6648,66.47999999999999,,12273.06336069107
803,0.6628,66.28,,12285.975306749344
804,0.6603,66.03,,12298.909746170044
805,0.6678,66.78,,12311.775970935822
806,0.6664,66.64,,12324.722318410873
807,0.6637,66.36999999999999,,12337.571365594864
808,0.667,66.7,,12350.485251188278
809,0.666,66.60000000000001,,12363.409999847412
810,0.6678,66.78,,12376.336746931076
811,0.6661,66.61,,12389.245502710342
812,0.6664,66.64,,12402.20291018486
813,0.6683,66.83,,12415.04725933075
814,0.6652,66.52,,12427.974775314331
815,0.6673,66.73,,12440.903587818146
816,0.6693,66.93,,12453.816884994507
817,0.6671,66.71000000000001,,12466.696249961853
818,0.6659,66.59,,12479.605922460556
819,0.668,66.8,,12492.495882749557
820,0.6676,66.75999999999999,,12505.427816390991
821,0.667,66.7,,12518.391197919846
822,0.6696,66.96,,12531.276838064194
823,0.6695,66.95,,12544.201666355133
824,0.6668,66.67999999999999,,12557.172084331512
825,0.6684,66.84,,12570.168487548828
826,0.6669,66.69,,12583.152822256088
827,0.6692,66.92,,12596.09536767006
828,0.6672,66.72,,12609.189407110214
829,0.6684,66.84,,12623.983578681946
830,0.6691,66.91,,12638.686225175858
831,0.6657,66.57,,12653.23471736908
832,0.6701,67.01,,12667.940191030502
833,0.6705,67.05,,12682.555578708649
834,0.669,66.9,,12697.337176084518
835,0.6714,67.14,,12712.131134271622
836,0.669,66.9,,12726.661344528198
837,0.6688,66.88,,12741.45642733574
838,0.6702,67.02,,12755.976227760315
839,0.6716,67.16,,12768.839332818985
840,0.6685,66.85,,12781.778464317322
841,0.6696,66.96,,12794.668892383575
842,0.674,67.4,,12807.58907175064
843,0.667,66.7,,12820.484397172928
844,0.6712,67.12,,12833.504235744476
845,0.669,66.9,,12846.422328472137
846,0.668,66.8,,12859.36219239235
847,0.6709,67.09,,12872.247287511826
848,0.6714,67.14,,12885.180898666382
849,0.6668,66.67999999999999,,12898.068476438522
850,0.6676,66.75999999999999,,12910.939994096756
851,0.6726,67.25999999999999,,12923.851540088654
852,0.6645,66.45,,12936.769356489182
853,0.6722,67.22,,12949.83369898796
854,0.6703,67.03,,12962.75496506691
855,0.6687,66.86999999999999,,12975.663198947906
856,0.6733,67.33,,12988.552022218704
857,0.6698,66.97999999999999,,13001.448471069336
858,0.6654,66.53999999999999,,13014.389854192734
859,0.6678,66.78,,13027.289881706238
860,0.6676,66.75999999999999,,13040.210607767105
861,0.6616,66.16,,13053.152511119843
862,0.6668,66.67999999999999,,13066.0452978611
863,0.6637,66.36999999999999,,13078.981559753418
864,0.6645,66.45,,13091.91085267067
865,0.6624,66.24,,13104.831810951233
866,0.6654,66.53999999999999,,13117.784284114838
867,0.6545,65.45,,13130.717455148697
868,0.634,63.4,,13143.596935749054
869,0.6295,62.949999999999996,,13156.49058508873
870,0.6278,62.78,,13169.366433620453
871,0.6135,61.35,,13182.269921541214
872,0.6322,63.22,,13195.184993982315
873,0.624,62.4,,13208.06321811676
874,0.6361,63.61,,13220.997119188309
875,0.6306,63.06,,13233.905215740204
876,0.6526,65.25999999999999,,13246.76621723175
877,0.6427,64.27000000000001,,13259.672103643417
878,0.6473,64.73,,13272.599221467972
879,0.6491,64.91,,13285.483210802078
880,0.646,64.60000000000001,,13298.412353992462
881,0.6495,64.95,,13311.292077541351
882,0.6368,63.68000000000001,,13324.230186700821
883,0.6629,66.29,,13337.115703821182
884,0.6345,63.449999999999996,,13350.039927721024
885,0.6425,64.25,,13362.978964805603
886,0.6447,64.47,,13375.910919189453
887,0.6542,65.42,,13389.139370441437
888,0.6365,63.65,,13402.132514715195
889,0.6601,66.01,,13415.012475728989
890,0.6536,65.36,,13427.898306846619
891,0.6625,66.25,,13440.784171581268
892,0.6535,65.35,,13453.710406064987
893,0.6619,66.19,,13466.648389339447
894,0.657,65.7,,13479.560914039612
895,0.6602,66.02,,13492.444748878479
896,0.6577,65.77,,13505.305296182632
897,0.6595,65.95,,13518.22096657753
898,0.6598,65.98,,13531.233310461044
899,0.6636,66.36,,13544.131839990616
900,0.6635,66.35,/home/kemove/zlf/FedSGD2/results/table_iv_ours_main1_aligned_seed0_r1000_fromscratch/checkpoints/round_0900.pth,13557.081575870514
901,0.6637,66.36999999999999,,13570.022617816925
902,0.6664,66.64,,13583.003087043762
903,0.6627,66.27,,13596.01858496666
904,0.6637,66.36999999999999,,13608.907021284103
905,0.6675,66.75,,13621.845981121063
906,0.6665,66.64999999999999,,13634.780081987381
907,0.6672,66.72,,13647.70896244049
908,0.6704,67.04,,13660.651513814926
909,0.6664,66.64,,13674.097330331802
910,0.6705,67.05,,13688.800285816193
911,0.6711,67.11,,13703.326921463013
912,0.6693,66.93,,13717.941556930542
913,0.6686,66.86,,13732.37457704544
914,0.6715,67.15,,13746.664943218231
915,0.6709,67.09,,13761.171122312546
916,0.6711,67.11,,13775.126549959183
917,0.6675,66.75,,13789.065727949142
918,0.6743,67.43,,13803.257593870163
919,0.6739,67.39,,13816.786218881607
920,0.6738,67.38,,13829.648800134659
921,0.673,67.30000000000001,,13842.55230975151
922,0.6752,67.52,,13855.547797679901
923,0.6716,67.16,,13868.429703712463
924,0.6727,67.27,,13881.310822248459
925,0.6742,67.42,,13894.266145944595
926,0.6738,67.38,,13907.194735765457
927,0.6761,67.61,,13920.171965122223
928,0.6737,67.36999999999999,,13933.136610984802
929,0.6741,67.41,,13946.051655292511
930,0.6746,67.46,,13958.940749645233
931,0.6764,67.64,,13971.854163885117
932,0.6739,67.39,,13984.731966257095
933,0.6731,67.31,,13997.700710058212
934,0.6718,67.17999999999999,,14010.620229959488
935,0.6744,67.44,,14023.51343178749
936,0.6734,67.34,,14036.461784124374
937,0.674,67.4,,14049.40222787857
938,0.6742,67.42,,14062.331370353699
939,0.6763,67.63,,14075.245058298111
940,0.6749,67.49000000000001,,14088.15281009674
941,0.673,67.30000000000001,,14101.05284667015
942,0.6748,67.47999999999999,,14113.925064563751
943,0.6728,67.28,,14126.792647838593
944,0.676,67.60000000000001,,14139.692169427872
945,0.6752,67.52,,14152.587711572647
946,0.6758,67.58,,14165.510245084763
947,0.6738,67.38,,14178.433890342712
948,0.6745,67.45,,14191.42481803894
949,0.6717,67.17,,14208.325089216232
950,0.6717,67.17,,14224.995090723038
951,0.6736,67.36,,14241.30125284195
952,0.6751,67.51,,14258.106014251709
953,0.6755,67.55,,14271.005808115005
954,0.6761,67.61,,14283.924867153168
955,0.6737,67.36999999999999,,14296.880208969116
956,0.669,66.9,,14309.774651527405
957,0.6685,66.85,,14322.689710855484
958,0.6556,65.56,,14335.658965110779
959,0.6644,66.44,,14349.59624171257
960,0.6699,66.99000000000001,,14364.330330371857
961,0.6629,66.29,,14378.690445899963
962,0.6674,66.74,,14393.245159626007
963,0.6655,66.55,,14406.724683046341
964,0.6674,66.74,,14419.60580420494
965,0.6575,65.75,,14432.502150058746
966,0.6337,63.370000000000005,,14445.47024154663
967,0.6109,61.09,,14458.411502599716
968,0.6488,64.88000000000001,,14471.29798579216
969,0.5896,58.96,,14484.166850328445
970,0.5689,56.88999999999999,,14497.104326963425
971,0.5281,52.81,,14510.01098370552
972,0.5584,55.84,,14522.893605709076
973,0.511,51.1,,14535.7617456913
974,0.5057,50.57000000000001,,14548.66534781456
975,0.5349,53.49,,14561.563346862793
976,0.5236,52.35999999999999,,14574.460849523544
977,0.5874,58.74,,14587.346543312073
978,0.5562,55.620000000000005,,14600.243948221207
979,0.5561,55.61000000000001,,14613.102905750275
980,0.575,57.49999999999999,,14625.979411125183
981,0.5668,56.68,,14638.901074171066
982,0.595,59.5,,14651.839854240417
983,0.5826,58.26,,14664.819788694382
984,0.5978,59.78,,14677.727528810501
985,0.6063,60.629999999999995,,14690.604876756668
986,0.6117,61.17,,14703.491230487823
987,0.607,60.699999999999996,,14716.415680885315
988,0.6152,61.519999999999996,,14729.303388118744
989,0.6305,63.05,,14742.185134649277
990,0.6292,62.92,,14755.224553346634
991,0.6353,63.53,,14768.133083820343
992,0.6345,63.449999999999996,,14781.058068037033
993,0.645,64.5,,14793.94382429123
994,0.6444,64.44,,14806.884975910187
995,0.6411,64.11,,14819.822158813477
996,0.6489,64.89,,14832.796265125275
997,0.6481,64.81,,14845.694565057755
998,0.6482,64.82,,14858.610100269318
999,0.6497,64.97,,14871.588871240616
1000,0.6512,65.12,/home/kemove/zlf/FedSGD2/results/table_iv_ours_main1_aligned_seed0_r1000_fromscratch/checkpoints/round_1000.pth,14884.509949207306
