config_id,status,unlearn_lr,momentum,grad_clip,lambda_retain,proximal_mu,clean_acc_before,ASR_before,clean_acc_after,ASR_after,ASR_after_percent,target_client_size,poison_num,elapsed_seconds,result_path
retain_lr0p0005_clip1_lam0p5,ok,0.0005,0.0,1.0,0.5,0.0,0.6512,0.8581,0.6129,0.6109,61.09,1027,821,11.04266095161438,/home/kemove/zlf/FedSGD2/results/table_iv_ours_unlearn_retain_grid_seed0/retain_lr0p0005_clip1_lam0p5/result.json
retain_lr0p0005_clip1_lam1,ok,0.0005,0.0,1.0,1.0,0.0,0.6512,0.8581,0.6294,0.6673,66.73,1027,821,10.812480926513672,/home/kemove/zlf/FedSGD2/results/table_iv_ours_unlearn_retain_grid_seed0/retain_lr0p0005_clip1_lam1/result.json
retain_lr0p0005_clip1_lam2,ok,0.0005,0.0,1.0,2.0,0.0,0.6512,0.8581,0.6414,0.7423,74.22999999999999,1027,821,10.767046928405762,/home/kemove/zlf/FedSGD2/results/table_iv_ours_unlearn_retain_grid_seed0/retain_lr0p0005_clip1_lam2/result.json
retain_lr0p0005_clip1_lam5,ok,0.0005,0.0,1.0,5.0,0.0,0.6512,0.8581,0.6533,0.8293,82.93,1027,821,10.835075616836548,/home/kemove/zlf/FedSGD2/results/table_iv_ours_unlearn_retain_grid_seed0/retain_lr0p0005_clip1_lam5/result.json
retain_lr0p0005_clip1_lam10,ok,0.0005,0.0,1.0,10.0,0.0,0.6512,0.8581,0.6522,0.8449,84.49,1027,821,10.63720178604126,/home/kemove/zlf/FedSGD2/results/table_iv_ours_unlearn_retain_grid_seed0/retain_lr0p0005_clip1_lam10/result.json
retain_lr0p0005_clip2_lam0p5,ok,0.0005,0.0,2.0,0.5,0.0,0.6512,0.8581,0.5241,0.1942,19.42,1027,821,10.708985328674316,/home/kemove/zlf/FedSGD2/results/table_iv_ours_unlearn_retain_grid_seed0/retain_lr0p0005_clip2_lam0p5/result.json
retain_lr0p0005_clip2_lam1,ok,0.0005,0.0,2.0,1.0,0.0,0.6512,0.8581,0.5665,0.2939,29.39,1027,821,10.6068856716156,/home/kemove/zlf/FedSGD2/results/table_iv_ours_unlearn_retain_grid_seed0/retain_lr0p0005_clip2_lam1/result.json
retain_lr0p0005_clip2_lam2,ok,0.0005,0.0,2.0,2.0,0.0,0.6512,0.8581,0.6185,0.5411,54.11,1027,821,10.637409210205078,/home/kemove/zlf/FedSGD2/results/table_iv_ours_unlearn_retain_grid_seed0/retain_lr0p0005_clip2_lam2/result.json
retain_lr0p0005_clip2_lam5,ok,0.0005,0.0,2.0,5.0,0.0,0.6512,0.8581,0.6533,0.7813,78.13,1027,821,10.900594234466553,/home/kemove/zlf/FedSGD2/results/table_iv_ours_unlearn_retain_grid_seed0/retain_lr0p0005_clip2_lam5/result.json
retain_lr0p0005_clip2_lam10,ok,0.0005,0.0,2.0,10.0,0.0,0.6512,0.8581,0.6546,0.8345,83.45,1027,821,10.650970458984375,/home/kemove/zlf/FedSGD2/results/table_iv_ours_unlearn_retain_grid_seed0/retain_lr0p0005_clip2_lam10/result.json
retain_lr0p0005_clip5_lam0p5,ok,0.0005,0.0,5.0,0.5,0.0,0.6512,0.8581,0.1349,0.0,0.0,1027,821,10.733967542648315,/home/kemove/zlf/FedSGD2/results/table_iv_ours_unlearn_retain_grid_seed0/retain_lr0p0005_clip5_lam0p5/result.json
retain_lr0p0005_clip5_lam1,ok,0.0005,0.0,5.0,1.0,0.0,0.6512,0.8581,0.2784,0.0,0.0,1027,821,10.818737745285034,/home/kemove/zlf/FedSGD2/results/table_iv_ours_unlearn_retain_grid_seed0/retain_lr0p0005_clip5_lam1/result.json
retain_lr0p0005_clip5_lam2,ok,0.0005,0.0,5.0,2.0,0.0,0.6512,0.8581,0.5322,0.0005,0.05,1027,821,10.581263303756714,/home/kemove/zlf/FedSGD2/results/table_iv_ours_unlearn_retain_grid_seed0/retain_lr0p0005_clip5_lam2/result.json
retain_lr0p0005_clip5_lam5,ok,0.0005,0.0,5.0,5.0,0.0,0.6512,0.8581,0.6365,0.5192,51.92,1027,821,10.629502296447754,/home/kemove/zlf/FedSGD2/results/table_iv_ours_unlearn_retain_grid_seed0/retain_lr0p0005_clip5_lam5/result.json
retain_lr0p0005_clip5_lam10,ok,0.0005,0.0,5.0,10.0,0.0,0.6512,0.8581,0.6535,0.7924,79.24,1027,821,10.690962314605713,/home/kemove/zlf/FedSGD2/results/table_iv_ours_unlearn_retain_grid_seed0/retain_lr0p0005_clip5_lam10/result.json
retain_lr0p0007_clip1_lam0p5,ok,0.0007,0.0,1.0,0.5,0.0,0.6512,0.8581,0.584,0.4722,47.22,1027,821,10.776489973068237,/home/kemove/zlf/FedSGD2/results/table_iv_ours_unlearn_retain_grid_seed0/retain_lr0p0007_clip1_lam0p5/result.json
retain_lr0p0007_clip1_lam1,ok,0.0007,0.0,1.0,1.0,0.0,0.6512,0.8581,0.6048,0.5356,53.559999999999995,1027,821,10.53928017616272,/home/kemove/zlf/FedSGD2/results/table_iv_ours_unlearn_retain_grid_seed0/retain_lr0p0007_clip1_lam1/result.json
retain_lr0p0007_clip1_lam2,ok,0.0007,0.0,1.0,2.0,0.0,0.6512,0.8581,0.6392,0.6817,68.17,1027,821,10.714775562286377,/home/kemove/zlf/FedSGD2/results/table_iv_ours_unlearn_retain_grid_seed0/retain_lr0p0007_clip1_lam2/result.json
retain_lr0p0007_clip1_lam5,ok,0.0007,0.0,1.0,5.0,0.0,0.6512,0.8581,0.6532,0.8116,81.16,1027,821,10.62246036529541,/home/kemove/zlf/FedSGD2/results/table_iv_ours_unlearn_retain_grid_seed0/retain_lr0p0007_clip1_lam5/result.json
retain_lr0p0007_clip1_lam10,ok,0.0007,0.0,1.0,10.0,0.0,0.6512,0.8581,0.653,0.8384,83.84,1027,821,10.683908939361572,/home/kemove/zlf/FedSGD2/results/table_iv_ours_unlearn_retain_grid_seed0/retain_lr0p0007_clip1_lam10/result.json
retain_lr0p0007_clip2_lam0p5,ok,0.0007,0.0,2.0,0.5,0.0,0.6512,0.8581,0.4121,0.0126,1.26,1027,821,10.922372817993164,/home/kemove/zlf/FedSGD2/results/table_iv_ours_unlearn_retain_grid_seed0/retain_lr0p0007_clip2_lam0p5/result.json
retain_lr0p0007_clip2_lam1,ok,0.0007,0.0,2.0,1.0,0.0,0.6512,0.8581,0.5139,0.0462,4.62,1027,821,10.698087453842163,/home/kemove/zlf/FedSGD2/results/table_iv_ours_unlearn_retain_grid_seed0/retain_lr0p0007_clip2_lam1/result.json
retain_lr0p0007_clip2_lam2,ok,0.0007,0.0,2.0,2.0,0.0,0.6512,0.8581,0.5944,0.2974,29.74,1027,821,10.632310628890991,/home/kemove/zlf/FedSGD2/results/table_iv_ours_unlearn_retain_grid_seed0/retain_lr0p0007_clip2_lam2/result.json
retain_lr0p0007_clip2_lam5,ok,0.0007,0.0,2.0,5.0,0.0,0.6512,0.8581,0.6507,0.74,74.0,1027,821,10.651891469955444,/home/kemove/zlf/FedSGD2/results/table_iv_ours_unlearn_retain_grid_seed0/retain_lr0p0007_clip2_lam5/result.json
retain_lr0p0007_clip2_lam10,ok,0.0007,0.0,2.0,10.0,0.0,0.6512,0.8581,0.6551,0.8169,81.69,1027,821,10.616775512695312,/home/kemove/zlf/FedSGD2/results/table_iv_ours_unlearn_retain_grid_seed0/retain_lr0p0007_clip2_lam10/result.json
retain_lr0p0007_clip5_lam0p5,ok,0.0007,0.0,5.0,0.5,0.0,0.6512,0.8581,0.1001,0.0,0.0,1027,821,10.621880531311035,/home/kemove/zlf/FedSGD2/results/table_iv_ours_unlearn_retain_grid_seed0/retain_lr0p0007_clip5_lam0p5/result.json
retain_lr0p0007_clip5_lam1,ok,0.0007,0.0,5.0,1.0,0.0,0.6512,0.8581,0.1595,0.0,0.0,1027,821,10.574337482452393,/home/kemove/zlf/FedSGD2/results/table_iv_ours_unlearn_retain_grid_seed0/retain_lr0p0007_clip5_lam1/result.json
retain_lr0p0007_clip5_lam2,ok,0.0007,0.0,5.0,2.0,0.0,0.6512,0.8581,0.482,0.0,0.0,1027,821,10.646333932876587,/home/kemove/zlf/FedSGD2/results/table_iv_ours_unlearn_retain_grid_seed0/retain_lr0p0007_clip5_lam2/result.json
retain_lr0p0007_clip5_lam5,ok,0.0007,0.0,5.0,5.0,0.0,0.6512,0.8581,0.6198,0.2981,29.81,1027,821,10.368668794631958,/home/kemove/zlf/FedSGD2/results/table_iv_ours_unlearn_retain_grid_seed0/retain_lr0p0007_clip5_lam5/result.json
retain_lr0p0007_clip5_lam10,ok,0.0007,0.0,5.0,10.0,0.0,0.6512,0.8581,0.6552,0.7405,74.05000000000001,1027,821,10.232036828994751,/home/kemove/zlf/FedSGD2/results/table_iv_ours_unlearn_retain_grid_seed0/retain_lr0p0007_clip5_lam10/result.json
retain_lr0p0009_clip1_lam0p5,ok,0.0009,0.0,1.0,0.5,0.0,0.6512,0.8581,0.5515,0.2793,27.93,1027,821,10.253071784973145,/home/kemove/zlf/FedSGD2/results/table_iv_ours_unlearn_retain_grid_seed0/retain_lr0p0009_clip1_lam0p5/result.json
retain_lr0p0009_clip1_lam1,ok,0.0009,0.0,1.0,1.0,0.0,0.6512,0.8581,0.5801,0.3638,36.38,1027,821,10.206661462783813,/home/kemove/zlf/FedSGD2/results/table_iv_ours_unlearn_retain_grid_seed0/retain_lr0p0009_clip1_lam1/result.json
retain_lr0p0009_clip1_lam2,ok,0.0009,0.0,1.0,2.0,0.0,0.6512,0.8581,0.6236,0.5868,58.68,1027,821,10.186217784881592,/home/kemove/zlf/FedSGD2/results/table_iv_ours_unlearn_retain_grid_seed0/retain_lr0p0009_clip1_lam2/result.json
retain_lr0p0009_clip1_lam5,ok,0.0009,0.0,1.0,5.0,0.0,0.6512,0.8581,0.6537,0.8009,80.08999999999999,1027,821,10.173090934753418,/home/kemove/zlf/FedSGD2/results/table_iv_ours_unlearn_retain_grid_seed0/retain_lr0p0009_clip1_lam5/result.json
retain_lr0p0009_clip1_lam10,ok,0.0009,0.0,1.0,10.0,0.0,0.6512,0.8581,0.6557,0.8347,83.47,1027,821,10.214617729187012,/home/kemove/zlf/FedSGD2/results/table_iv_ours_unlearn_retain_grid_seed0/retain_lr0p0009_clip1_lam10/result.json
retain_lr0p0009_clip2_lam0p5,ok,0.0009,0.0,2.0,0.5,0.0,0.6512,0.8581,0.2816,0.0001,0.01,1027,821,10.227932453155518,/home/kemove/zlf/FedSGD2/results/table_iv_ours_unlearn_retain_grid_seed0/retain_lr0p0009_clip2_lam0p5/result.json
retain_lr0p0009_clip2_lam1,ok,0.0009,0.0,2.0,1.0,0.0,0.6512,0.8581,0.4282,0.001,0.1,1027,821,10.220429182052612,/home/kemove/zlf/FedSGD2/results/table_iv_ours_unlearn_retain_grid_seed0/retain_lr0p0009_clip2_lam1/result.json
retain_lr0p0009_clip2_lam2,ok,0.0009,0.0,2.0,2.0,0.0,0.6512,0.8581,0.5663,0.0802,8.02,1027,821,10.196296691894531,/home/kemove/zlf/FedSGD2/results/table_iv_ours_unlearn_retain_grid_seed0/retain_lr0p0009_clip2_lam2/result.json
retain_lr0p0009_clip2_lam5,ok,0.0009,0.0,2.0,5.0,0.0,0.6512,0.8581,0.6477,0.6761,67.61,1027,821,10.192241430282593,/home/kemove/zlf/FedSGD2/results/table_iv_ours_unlearn_retain_grid_seed0/retain_lr0p0009_clip2_lam5/result.json
retain_lr0p0009_clip2_lam10,ok,0.0009,0.0,2.0,10.0,0.0,0.6512,0.8581,0.656,0.8018,80.17999999999999,1027,821,10.17884635925293,/home/kemove/zlf/FedSGD2/results/table_iv_ours_unlearn_retain_grid_seed0/retain_lr0p0009_clip2_lam10/result.json
retain_lr0p0009_clip5_lam0p5,ok,0.0009,0.0,5.0,0.5,0.0,0.6512,0.8581,0.1,0.0,0.0,1027,821,10.191863059997559,/home/kemove/zlf/FedSGD2/results/table_iv_ours_unlearn_retain_grid_seed0/retain_lr0p0009_clip5_lam0p5/result.json
retain_lr0p0009_clip5_lam1,ok,0.0009,0.0,5.0,1.0,0.0,0.6512,0.8581,0.1236,0.0,0.0,1027,821,10.166856288909912,/home/kemove/zlf/FedSGD2/results/table_iv_ours_unlearn_retain_grid_seed0/retain_lr0p0009_clip5_lam1/result.json
retain_lr0p0009_clip5_lam2,ok,0.0009,0.0,5.0,2.0,0.0,0.6512,0.8581,0.3982,0.0,0.0,1027,821,10.19387149810791,/home/kemove/zlf/FedSGD2/results/table_iv_ours_unlearn_retain_grid_seed0/retain_lr0p0009_clip5_lam2/result.json
retain_lr0p0009_clip5_lam5,ok,0.0009,0.0,5.0,5.0,0.0,0.6512,0.8581,0.5988,0.0464,4.64,1027,821,10.180014371871948,/home/kemove/zlf/FedSGD2/results/table_iv_ours_unlearn_retain_grid_seed0/retain_lr0p0009_clip5_lam5/result.json
retain_lr0p0009_clip5_lam10,ok,0.0009,0.0,5.0,10.0,0.0,0.6512,0.8581,0.6523,0.6959,69.59,1027,821,10.178306579589844,/home/kemove/zlf/FedSGD2/results/table_iv_ours_unlearn_retain_grid_seed0/retain_lr0p0009_clip5_lam10/result.json
